{
  "images" : [
    {
      "filename" : "Icon-Notification-20@2x-1.png",
      "idiom" : "iphone",
      "scale" : "2x",
      "size" : "20x20"
    },
    {
      "filename" : "Icon-Notification-20@3x-2.png",
      "idiom" : "iphone",
      "scale" : "3x",
      "size" : "20x20"
    },
    {
      "filename" : "Icon-Small-29.png",
      "idiom" : "iphone",
      "scale" : "1x",
      "size" : "29x29"
    },
    {
      "filename" : "Icon-Small-29@2x-1.png",
      "idiom" : "iphone",
      "scale" : "2x",
      "size" : "29x29"
    },
    {
      "filename" : "Icon-Small-29@3x.png",
      "idiom" : "iphone",
      "scale" : "3x",
      "size" : "29x29"
    },
    {
      "filename" : "Icon-Small-40@2x-1.png",
      "idiom" : "iphone",
      "scale" : "2x",
      "size" : "40x40"
    },
    {
      "filename" : "Icon-Small-40@3x.png",
      "idiom" : "iphone",
      "scale" : "3x",
      "size" : "40x40"
    },
    {
      "filename" : "Icon-60@2x.png",
      "idiom" : "iphone",
      "scale" : "2x",
      "size" : "60x60"
    },
    {
      "filename" : "Icon-60@3x.png",
      "idiom" : "iphone",
      "scale" : "3x",
      "size" : "60x60"
    },
    {
      "filename" : "Icon-Notification-21.png",
      "idiom" : "ipad",
      "scale" : "1x",
      "size" : "20x20"
    },
    {
      "filename" : "Icon-Notification-20@2x-2.png",
      "idiom" : "ipad",
      "scale" : "2x",
      "size" : "20x20"
    },
    {
      "filename" : "Icon-Small-30.png",
      "idiom" : "ipad",
      "scale" : "1x",
      "size" : "29x29"
    },
    {
      "filename" : "Icon-Small-29@2x-2.png",
      "idiom" : "ipad",
      "scale" : "2x",
      "size" : "29x29"
    },
    {
      "filename" : "Icon-Small-41.png",
      "idiom" : "ipad",
      "scale" : "1x",
      "size" : "40x40"
    },
    {
      "filename" : "Icon-Small-40@2x-2.png",
      "idiom" : "ipad",
      "scale" : "2x",
      "size" : "40x40"
    },
    {
      "filename" : "Icon-77.png",
      "idiom" : "ipad",
      "scale" : "1x",
      "size" : "76x76"
    },
    {
      "filename" : "Icon-76@2x-1.png",
      "idiom" : "ipad",
      "scale" : "2x",
      "size" : "76x76"
    },
    {
      "filename" : "Icon-83.5@2x-1.png",
      "idiom" : "ipad",
      "scale" : "2x",
      "size" : "83.5x83.5"
    },
    {
      "filename" : "Icon-AppStore-1025.png",
      "idiom" : "ios-marketing",
      "scale" : "1x",
      "size" : "1024x1024"
    },
    {
      "filename" : "Icon-83.5@2x.png",
      "idiom" : "universal",
      "scale" : "2x"
    },
    {
      "filename" : "Icon-Notification-20.png",
      "idiom" : "universal",
      "scale" : "1x",
      "size" : "20x20"
    },
    {
      "filename" : "Icon-Small-40.png",
      "idiom" : "universal",
      "scale" : "1x",
      "size" : "40x40"
    },
    {
      "filename" : "Icon-76.png",
      "idiom" : "universal",
      "scale" : "1x",
      "size" : "76x76"
    },
    {
      "filename" : "Icon-76@2x.png",
      "idiom" : "universal",
      "scale" : "2x",
      "size" : "76x76"
    },
    {
      "filename" : "Icon-AppStore-1024.png",
      "idiom" : "universal",
      "scale" : "1x",
      "size" : "1024x1024"
    },
    {
      "filename" : "Icon-Notification-20@2x.png",
      "idiom" : "iphone",
      "scale" : "2x",
      "size" : "20x20",
      "unassigned" : true
    },
    {
      "filename" : "Icon-Notification-20@3x.png",
      "idiom" : "iphone",
      "scale" : "3x",
      "size" : "20x20",
      "unassigned" : true
    },
    {
      "filename" : "Icon-Small-29@2x.png",
      "idiom" : "iphone",
      "scale" : "2x",
      "size" : "29x29",
      "unassigned" : true
    },
    {
      "filename" : "Icon-Small-40@2x.png",
      "idiom" : "iphone",
      "scale" : "2x",
      "size" : "40x40",
      "unassigned" : true
    }
  ],
  "info" : {
    "author" : "xcode",
    "version" : 1
  }
}
